{
    "firstName": "John",
    "lastName": "Smith",
    "studentId": 1231234,
    "subjects": [
        {
            "code": "MATH101",
            "creditPoint": 4,
            "mark": 85,
            "grade": "A"
        },
        {
            "code": "ECON111",
            "creditPoint": 5,
            "mark": 70,
            "grade": "B"
        },
        {
            "code": "CS100",
            "creditPoint": 5,
            "mark": 80,
            "grade": "A"
        },
        {
            "code": "LAW121",
            "creditPoint": 6,
            "mark": 75,
            "grade": "B"
        }
    ]
}